candidat;nom;scrutin;circonscription;département;code département;nuance;monnaie;dépenses totales déclarées;Matériels (déclaré);Achat de fournitures et de marchandises (déclaré);Location ou mise à disposition immobilière (déclaré);Location ou mise à disposition de matériel (déclaré);Personnel salarié y compris charges sociales (déclaré);Personnel intérimaire (déclaré);Personnel mis à disposition (déclaré);Honoraires et conseils en communication (déclaré);Honoraires d'expert comptable (déclaré);Productions audiovisuelles (film, DVD), internet, services télématiques (déclaré);Publications, impressions hors dépenses remboursables au titre de l'Art. R39 (déclaré);Enquêtes et sondages (déclaré);Transports et déplacements (déclaré);Réunions publiques (déclaré);Frais de réception (déclaré);Frais postaux et de distribution (déclaré);Téléphone et télécommunications (déclaré);Frais divers (déclaré);Frais financiers (déclaré);Frais financiers payés directement par le candidat (déclaré);Menues dépenses payées directement par le candidat (déclaré);recettes totales déclarées;dons déclarés;apport déclaré;concours déclarés;autres déclarés;apport personnel déclaré;solde déclaré;depenses totales retenues;Matériels (retenu);Achat de fournitures et de marchandises (retenu);Location ou mise à disposition immobilière (retenu);Location ou mise à disposition de matériel (retenu);Personnel salarié y compris charges sociales (retenu);Personnel intérimaire (retenu);Personnel mis à disposition (retenu);Honoraires et conseils en communication (retenu);Honoraires d'expert comptable (retenu);Productions audiovisuelles (film, DVD), internet, services télématiques (retenu);Publications, impressions hors dépenses remboursables au titre de l'Art. R39 (retenu);Enquêtes et sondages (retenu);Transports et déplacements (retenu);Réunions publiques (retenu);Frais de réception (retenu);Frais postaux et de distribution (retenu);Téléphone et télécommunications (retenu);Frais divers (retenu);Frais financiers (retenu);Frais financiers payés directement par le candidat (retenu);Menues dépenses payées directement par le candidat (retenu);recettes totales retenues;dons retenus;apport retenu;concours retenus;autres retenus;apport personnel retenu;emprunts bancaires : montant souscrit;emprunts bancaires : montant déclaré;emprunts bancaires : établissement(s) prêteur(s);emprunts bancaires : taux deb annuel;emprunts bancaires : taux taeg;emprunts auprès de formations politiques : montant souscrit;emprunts auprès de formations politiques : montant déclaré;emprunts auprès de formations politiques : taux;emprunts auprès de personnes physiques : montant souscrit;emprunts auprès de personnes physiques : montant déclaré;emprunts auprès de personnes physiques : taux;solde retenu;dévolution;FT;RFE;decision
202204221;Mme ROUSSEAU Sandrine;202200414;Paris - 9e circonscription;Paris;75;ECO;EURO;37154;0;0;2400;0;2944;0;0;7377;900;7364;9875;0;0;5871;0;80;27;0;212;104;0;37646;0;0;542;0;37104;492;37154;0;0;2400;0;2944;0;0;7377;900;7364;9875;0;0;5871;0;80;27;0;212;104;0;37646;0;0;542;0;37104;21 120;19000;Crédit coopératif;.0295;.0493;18 000;18000;;0;0;;492;0;0;33022;A
202204216;Mme ROUSSEAU Sandrine;202200414;Paris - 9e circonscription;Paris;75;DVD;EURO;-;-;-;-;-;-;-;-;-;-;-;-;-;-;-;-;-;-;-;-;-;-;-;-;-;-;-;-;-;-;-;-;-;-;-;-;-;-;-;-;-;-;-;-;-;-;-;-;-;-;-;-;-;-;-;-;-;-;-;-;-;-;-;-;-;-;-;-;-;-;-;0;AD
202201014;M. MOREAU Jean-Baptiste;202200115;Creuse - Circonscription unique;Creuse;23;ENS;EURO;31987;0;438;1550;368;595;0;168;62;528;6476;5331;0;4569;275;2216;9172;0;192;47;0;0;33244;4700;0;1657;887;26000;1257;32011;0;438;1550;368;595;0;168;62;528;6476;5331;0;4569;299;2216;9172;0;192;47;0;0;33268;4700;0;1681;887;26000;0;0;;;;0;0;;0;0;;1257;0;0;24643;ARM
202204991;M. MOREAU Jean-Baptiste;202200485;Vendée - 3e circonscription;Vendée;85;DVD;EURO;0;;;;;;;;;;;;;;;;;;;;;;0;0;0;0;0;0;0;0;;;;;;;;;;;;;;;;;;;;;;0;0;0;0;0;0;0;;;;;0;;;0;;;0;0;0;0;R
202206084;M. CUENOT Guy-Olivier;202200585;Nouvelle-Caledonie - 1re circonscription;Nouvelle-Calédonie;988;RN;CFP;393409;0;0;127200;0;0;0;0;0;155131;0;0;0;12938;0;0;0;0;0;61097;0;37043;393409;0;0;0;0;393409;0;305922;0;0;127200;0;0;0;0;0;79131;0;0;0;12938;0;0;0;0;0;49610;0;37043;305922;0;0;0;0;305922;0;0;;;;688 169;268879;.0500;0;0;;0;0;0;305922;AR
202206083;M. DUNOYER Philippe;202200585;Nouvelle-Caledonie - 1re circonscription;Nouvelle-Calédonie;988;ENS;CFP;8012254;0;433578;378797;10000;0;0;0;0;106000;527393;3968332;0;379698;910848;343147;842866;95035;7000;7503;0;2057;8023478;2740000;660000;385933;535488;3702057;11224;8216957;0;433578;378797;10000;0;0;0;0;106000;527393;3968332;0;379698;1115551;343147;842866;95035;7000;7503;0;2057;8228181;2740000;660000;315910;810214;3702057;3 700 000;3700000;BANQUE CALEDONIENNE D'INVESTISSEMENT;.0530;.0588;0;0;;0;0;;11224;0;0;3678795;ARM
0;0;0;0;0;0;0;0;0;0;0;0;0;0;0;0;0;0;0;0;0;0;0;0;0;0;0;0;0;0;;;;0;0;;0;0;;0;0;0;0;A;;;;;;;;;;;;;;;;;;;;;;;;;;;;;;;;;;;;;
202200007;Mme ARMENJON Eliane;202200021;Ain - 1re circonscription;Ain;1;ECO;EURO;0;;;;;;;;;;;;;;;;;;;;;;0;0;0;0;0;0;0;0;;;;;;;;;;;;;;;;;;;;;;0;0;0;0;0;0;0;;;;;0;;;0;;;0;0;0;0;A
202200003;M. BRETON Xavier;202200021;Ain - 1re circonscription;Ain;1;LR;EURO;36436;0;153;366;0;0;0;0;7260;800;1915;7663;0;1371;2437;896;10125;3446;0;4;0;0;36436;10385;5000;366;24;20661;0;36436;0;153;366;0;0;0;0;7260;800;1915;7663;0;1371;2437;896;10125;3446;0;4;0;0;36436;10385;5000;366;24;20661;0;0;;;;5 000;5000;;0;0;;0;0;0;20661;A
202200008;M. GUÉRAUD Sébastien;202200021;Ain - 1re circonscription;Ain;1;SOC;EURO;25037;0;0;0;0;0;0;0;0;800;3060;8418;0;980;1574;1945;7685;34;0;541;0;0;25105;960;0;645;0;23500;68;25037;0;0;0;0;0;0;0;0;800;3060;8418;0;980;1574;1945;7685;34;0;541;0;0;25105;960;0;645;0;23500;0;0;;;;0;0;;0;0;;68;0;0;23432;A
202200001;M. GUILLERMIN Vincent;202200021;Ain - 1re circonscription;Ain;1;ENS;EURO;9935;0;195;0;348;595;0;168;62;2160;2022;2559;0;1178;69;0;0;45;0;534;0;0;10114;5430;0;2297;887;1500;179;9935;0;195;0;348;595;0;168;62;2160;2022;2559;0;1178;69;0;0;45;0;534;0;0;10114;5430;0;2297;887;1500;0;0;;;;0;0;;0;0;;179;0;0;1321;A
